{
    "root_group": {
        "name": "",
        "path": "",
        "id": "d41d8cd98f00b204e9800998ecf8427e",
        "groups": {},
        "checks": {
                "status is 201": {
                    "name": "status is 201",
                    "path": "::status is 201",
                    "id": "ec8c9afd59577ad0eb26fbf150ecf791",
                    "passes": 13626,
                    "fails": 0
                }
            }
    },
    "metrics": {
        "http_req_sending": {
            "max": 12.866,
            "p(90)": 0.017,
            "p(95)": 0.026,
            "avg": 0.010782621458974692,
            "min": 0.001,
            "med": 0.005
        },
        "http_req_waiting": {
            "avg": 9.864869587553228,
            "min": 2.849,
            "med": 8.013,
            "max": 133.442,
            "p(90)": 14.306500000000003,
            "p(95)": 21.24724999999998
        },
        "data_received": {
            "count": 3650345,
            "rate": 121293.48841128654
        },
        "vus_max": {
            "value": 50,
            "min": 50,
            "max": 50
        },
        "response_time": {
            "p(90)": 14.446000000000002,
            "p(95)": 21.480749999999965,
            "avg": 9.9418265815353,
            "min": 2.862,
            "med": 8.064,
            "max": 133.465
        },
        "data_sent": {
            "count": 2953519,
            "rate": 98139.38753707243
        },
        "http_req_duration": {
            "p(95)": 21.480749999999965,
            "avg": 9.9418265815353,
            "min": 2.862,
            "med": 8.064,
            "max": 133.465,
            "p(90)": 14.446000000000002
        },
        "http_req_failed": {
            "passes": 0,
            "fails": 13626,
            "value": 0
        },
        "http_reqs": {
            "count": 13626,
            "rate": 452.76407383197767
        },
        "http_req_receiving": {
            "p(95)": 0.25,
            "avg": 0.0661743725231154,
            "min": 0.004,
            "med": 0.016,
            "max": 7.857,
            "p(90)": 0.104
        },
        "http_req_blocked": {
            "avg": 0.009373477175988234,
            "min": 0,
            "med": 0.002,
            "max": 6.851,
            "p(90)": 0.004,
            "p(95)": 0.006
        },
        "http_req_connecting": {
            "med": 0,
            "max": 1.191,
            "p(90)": 0,
            "p(95)": 0,
            "avg": 0.004953911639512696,
            "min": 0
        },
        "http_req_duration{expected_response:true}": {
            "med": 8.064,
            "max": 133.465,
            "p(90)": 14.446000000000002,
            "p(95)": 21.480749999999965,
            "avg": 9.9418265815353,
            "min": 2.862
        },
        "http_req_tls_handshaking": {
            "med": 0,
            "max": 0,
            "p(90)": 0,
            "p(95)": 0,
            "avg": 0,
            "min": 0
        },
        "checks": {
            "passes": 13626,
            "fails": 0,
            "value": 1
        },
        "iterations": {
            "count": 13626,
            "rate": 452.76407383197767
        },
        "vus": {
            "value": 50,
            "min": 50,
            "max": 50
        },
        "successful_requests": {
            "rate": 452.76407383197767,
            "count": 13626
        },
        "iteration_duration": {
            "p(95)": 122.06977049999999,
            "avg": 110.2869150603989,
            "min": 103.015042,
            "med": 108.3930625,
            "max": 234.399167,
            "p(90)": 114.9808755
        }
    }
}