{
    "root_group": {
        "name": "",
        "path": "",
        "id": "d41d8cd98f00b204e9800998ecf8427e",
        "groups": {},
        "checks": {
                "status is 201": {
                    "name": "status is 201",
                    "path": "::status is 201",
                    "id": "ec8c9afd59577ad0eb26fbf150ecf791",
                    "passes": 7921,
                    "fails": 0
                }
            }
    },
    "metrics": {
        "http_req_duration{expected_response:true}": {
            "min": 7.531,
            "med": 43.45,
            "max": 1869.208,
            "p(90)": 141.976,
            "p(95)": 219.75,
            "avg": 89.61875975255677
        },
        "vus": {
            "value": 50,
            "min": 50,
            "max": 50
        },
        "http_req_tls_handshaking": {
            "med": 0,
            "max": 0,
            "p(90)": 0,
            "p(95)": 0,
            "avg": 0,
            "min": 0
        },
        "http_req_receiving": {
            "min": 0.007,
            "med": 0.507,
            "max": 383.368,
            "p(90)": 4.475,
            "p(95)": 6.918,
            "avg": 2.148374826410811
        },
        "data_received": {
            "count": 2121768,
            "rate": 70372.36124125875
        },
        "iteration_duration": {
            "avg": 190.02702739994854,
            "min": 107.725125,
            "med": 143.82625,
            "max": 1975.333708,
            "p(90)": 242.447958,
            "p(95)": 320.047458
        },
        "vus_max": {
            "value": 50,
            "min": 50,
            "max": 50
        },
        "data_sent": {
            "rate": 56942.40712461087,
            "count": 1716847
        },
        "http_req_blocked": {
            "p(90)": 0.006,
            "p(95)": 0.01,
            "avg": 0.01625375583890908,
            "min": 0,
            "med": 0.003,
            "max": 2.43
        },
        "http_reqs": {
            "rate": 262.71461978501446,
            "count": 7921
        },
        "http_req_sending": {
            "med": 0.014,
            "max": 1.084,
            "p(90)": 0.027,
            "p(95)": 0.036,
            "avg": 0.016930438076000753,
            "min": 0.002
        },
        "successful_requests": {
            "count": 7921,
            "rate": 262.71461978501446
        },
        "http_req_connecting": {
            "max": 1.244,
            "p(90)": 0,
            "p(95)": 0,
            "avg": 0.00737129150359803,
            "min": 0,
            "med": 0
        },
        "http_req_waiting": {
            "min": 7.056,
            "med": 41.867,
            "max": 1869.12,
            "p(90)": 139.035,
            "p(95)": 216.896,
            "avg": 87.45345448806991
        },
        "iterations": {
            "rate": 262.71461978501446,
            "count": 7921
        },
        "http_req_failed": {
            "passes": 0,
            "fails": 7921,
            "value": 0
        },
        "checks": {
            "passes": 7921,
            "fails": 0,
            "value": 1
        },
        "response_time": {
            "p(90)": 141.976,
            "p(95)": 219.75,
            "avg": 89.61875975255677,
            "min": 7.531,
            "med": 43.45,
            "max": 1869.208
        },
        "http_req_duration": {
            "max": 1869.208,
            "p(90)": 141.976,
            "p(95)": 219.75,
            "avg": 89.61875975255677,
            "min": 7.531,
            "med": 43.45
        }
    }
}