{"branches": 91.86046511627907, "coverage": 71.03448275862068}